Variable,Value
stage_count,1
penalty_lst,"[0, 1, 2, 1, 1]"
init_state,0,0,0,1,0,0
states,0.5552348179687665,0.9653926297400776,0.638030971973339,0.5304636710082886,0.7984083178489279,0.2167526756303395,0.5154931076189779,0.2834609894155675,0.4119014022398916,0.7844648788558725
control_inputs,0.8685149362192727,0.5901058059337787,0.4647235476813585,0.41660573163387504,0.578727886860981,0.8932755930787858
costs1,0.5468695311416965,0.8964051206938983,0.27199633104948717,0.37764310146162405,0.9594289849840039,0.3797651822203598,0.5242053259592396,0.7818442200018216,0.40127564784073055,0.31688769035288045,0.4324694142689115,0.5196840842095941,0.16805948328364262,0.40527792858971357,0.23981361398441114
costs2,0.8225473515722173,0.5773164839658756,0.18961770624040652,0.385146706480913,0.22385474373415293,0.34968897294173207,0.2719788658770975,0.26873209983230995,0.5128391293998571,0.6174730908957013,0.8304469118239622,0.7413125780869873,0.7174040610778037,0.3763345982458468,0.17456175129360418
dynamics,0.14419977557604458,0.9195084549640454,0.3318258042296095,0.08426226073359988,0.029203347271946845,0.7930459233920782,0.7425237395351787,0.4411935717805895,0.9216520390999733,0.35826580028249,0.5027862061464162,0.24103194891777613,0.5081219644462066,0.5039232149532235,0.6417641567093797,0.3715416970506752,0.3978442376648609,0.8618133808434533,0.5920588747911171,0.07151511771056895
ctg1,0.38745954759848966,0.825438676055558,0.12535715544376025,0.6737804165423135,0.6370024113554482,0.7348672933180099,0.8123117880053173,0.4519685682665745,0.3379333367594678,0.5766195356006689
ctg2,0.654578053353044,0.5628434787740924,0.25697637853364774,0.8229635584070017,0.895818690281608,0.05236312728132475,0.745882778629942,0.13273716384879153,0.42005380246615687,0.7143019190945656
policy1,0.15831270794643482,0.3932779312229111,0.9064639994009565,0.7633675491199663,0.5434786963323461,0.5528408270762307,0.12206186801442442,0.14235621509708707,0.9833615130376913,0.807115618931555
policy2,0.7088133375703906,0.05501049308186967,0.43838209512467985,0.4538510426659905,0.9428464344346561,0.8212101086247048,0.04745036516941792,0.09210932814092176,0.6695998805279317,0.10082691502664864
